branch,build,resultado,inicio_utc,duracao_min
main,1,FAILURE,2026-09-30T17:34:38.250000+00:00,0.11
main,2,FAILURE,2026-09-30T17:35:18.258000+00:00,0.09
main,3,FAILURE,2026-09-30T17:38:19.474000+00:00,1.08
main,4,FAILURE,2026-09-30T21:11:45.338000+00:00,5.71
main,5,FAILURE,2026-09-30T21:20:07.045000+00:00,26.24
main,6,SUCCESS,2026-09-30T22:08:50.478000+00:00,3.22
PR-1,1,SUCCESS,2026-09-30T22:08:50.482000+00:00,0.56
PR-2,1,SUCCESS,2026-09-30T22:20:45.509000+00:00,0.34
main,7,SUCCESS,2026-09-30T22:21:30.512000+00:00,3.62
main,8,SUCCESS,2026-09-30T22:21:38.254000+00:00,4.26
PR-3,1,SUCCESS,2026-09-30T22:21:45.176000+00:00,2.0
main,9,SUCCESS,2026-09-30T22:24:15.533000+00:00,3.2
PR-4,1,SUCCESS,2026-09-30T22:24:23.914000+00:00,1.7
main,10,SUCCESS,2026-09-30T22:26:23.955000+00:00,2.96
PR-5,1,FAILURE,2026-09-30T22:26:30.549000+00:00,0.33
PR-5,2,SUCCESS,2026-09-30T22:27:20.554000+00:00,0.54
main,11,SUCCESS,2026-09-30T22:28:17.196000+00:00,3.16
PR-6,1,SUCCESS,2026-09-30T22:28:25.569000+00:00,1.31
main,12,SUCCESS,2026-09-30T22:30:10.578000+00:00,2.08
